attack_models_str,eval/generation_begins_with_target,_runtime,_timestamp,generations_prism-reproduction-llava-v15+7b_step=0,_step,n_gradient_steps,wandb_logging_step,eval/loss,wandb_run_id,eval_model_str,generations_prism-reproduction-llava-v15+7b_step=500,generations_prism-reproduction-llava-v15+7b_step=1000,generations_prism-reproduction-llava-v15+7b_step=1500,generations_prism-reproduction-llava-v15+7b_step=2000,generations_prism-reproduction-llava-v15+7b_step=2500,generations_prism-reproduction-llava-v15+7b_step=3000,generations_prism-reproduction-llava-v15+7b_step=3500,generations_prism-reproduction-llava-v15+7b_step=4000,generations_prism-reproduction-llava-v15+7b_step=4500,generations_prism-reproduction-llava-v15+7b_step=5000,generations_prism-reproduction-llava-v15+7b_step=5500,generations_prism-reproduction-llava-v15+7b_step=6000,generations_prism-reproduction-llava-v15+7b_step=6500,generations_prism-reproduction-llava-v15+7b_step=7000,generations_prism-reproduction-llava-v15+7b_step=7500,generations_prism-reproduction-llava-v15+7b_step=8000,generations_prism-reproduction-llava-v15+7b_step=8500,generations_prism-reproduction-llava-v15+7b_step=9000,run_id
{'prism-siglip+7b'},0,343.15966868400574,1713199158.2205787,"{'nrows': 10, 'path': 'media/table/generations_prism-reproduction-llava-v15+7b_step=0_0_b1259fa54df4580f4149.table.json', 'sha256': 'b1259fa54df4580f4149ad7d08c476e8d31686c8607c03f0a79f4eeffd5569d3', 'size': 6600, '_latest_artifact_path': 'wandb-client-artifact://ia4t887o7yo7nkozncgoou21ujvjppy0vffa9pjy57hy8py2ql2u54juod1yvjj5nhntkbs77xfit01zhrwr81vshnqtejivdaywc3i5f76p3zujq0p9r32cx6lwct12:latest/generations_prism-reproduction-llava-v15+7b_step=0.table.json', '_type': 'table-file', 'artifact_path': 'wandb-client-artifact://h9j2nunosciic76nbcjh9pl71xiikys30zjtcgk670s1yrs17ouuo5celzni3i361jrq5yvbyp65i9gplrsznwcl65r5kxxvjg3z0wif40mu42uo49szhgyi1cdc1c4g/generations_prism-reproduction-llava-v15+7b_step=0.table.json', 'ncols': 3}",0,0,0,3.098343849182129,he5y6kbg,prism-reproduction-llava-v15+7b,,,,,,,,,,,,,,,,,,,khfiv530
{'prism-clip+7b'},0,5830.788541316986,1713204645.8494513,,31,6000,6000,3.1052517890930176,ivxfqxld,prism-reproduction-llava-v15+7b,,,,,,,,,,,,"{'_latest_artifact_path': 'wandb-client-artifact://zuvqyobu89vc68gc0jetc6s4nhq6ps4slfblu7v9e4jsa0uastdnseg5yqwnwxhhbuhz5jtq5qp4wkm5w1licjeih9jzzh2n13slykchww6ne6v3bo0n1w6bl69wvyld:latest/generations_prism-reproduction-llava-v15+7b_step=6000.table.json', '_type': 'table-file', 'artifact_path': 'wandb-client-artifact://ajajp3yqdq5u7515cbnzpnvsrdlgouz8x9os1r61xs02kqy8aoncznukvvjjeey83amsgqkn54bybpla2h08yozhvnwuprcg9t5il8szukp8p4q6v5rg91or75jeu6ss/generations_prism-reproduction-llava-v15+7b_step=6000.table.json', 'ncols': 3, 'nrows': 10, 'path': 'media/table/generations_prism-reproduction-llava-v15+7b_step=6000_31_f83dd6d1b4915fc4e0c8.table.json', 'sha256': 'f83dd6d1b4915fc4e0c8b270e50f0a4af7d2473ef3d4ca56bef5d51800b333f0', 'size': 6651}",,,,,,,khfiv530
{'prism-clip+7b'},0,5656.096782684326,1713204471.1576927,,30,5500,5500,3.1055455207824707,ivxfqxld,prism-reproduction-llava-v15+7b,,,,,,,,,,,"{'_latest_artifact_path': 'wandb-client-artifact://ya2f4ba23gqk8zd8dmz44p2qd5g0gql2m0fkztstc73w2ev5jqw02m3ukqx7ga0m9gibpzju48jjbmjvme2c9gm00by2ewz4um08rbj3s52fdny66uho2aw1q4jiiadx:latest/generations_prism-reproduction-llava-v15+7b_step=5500.table.json', '_type': 'table-file', 'artifact_path': 'wandb-client-artifact://hi5weysokl2dydrfjpm3y0kd0d3w1rp9xd15ofpjdg5ogtrvubuaokump1aye4fuv8jdti6d3akvs20zsu4m8x4h0bqmn18gxx1cn4a1vb5cbbzboy7szr5712iy5h30/generations_prism-reproduction-llava-v15+7b_step=5500.table.json', 'ncols': 3, 'nrows': 10, 'path': 'media/table/generations_prism-reproduction-llava-v15+7b_step=5500_30_c55d0057cd9af5ccf3c0.table.json', 'sha256': 'c55d0057cd9af5ccf3c00fc4bded12423b9ba397540842e0e70e852aa8451a1c', 'size': 7010}",,,,,,,,khfiv530
{'prism-clip+7b'},0,5481.835428476334,1713204296.8963385,,29,5000,5000,3.106736898422241,ivxfqxld,prism-reproduction-llava-v15+7b,,,,,,,,,,"{'sha256': '7ecb2623facc42e8b7f31221dfab54e7d1167c092ccfb688b5c9da5c35249954', 'size': 6154, '_latest_artifact_path': 'wandb-client-artifact://vxip5ufw918j1tgqibyd6yzsz3ynmx6pc3kejnr4c50b0sbubcwju90e7of62e8is7sq5n0dns6s6zdb0j2ofs1tqu9m7w4khymhl3l9domtql0qlsf3mu5hepqn7j2x:latest/generations_prism-reproduction-llava-v15+7b_step=5000.table.json', '_type': 'table-file', 'artifact_path': 'wandb-client-artifact://rk558wqx1huq7dw2s53c6vq6lrfovfoofqrhqdiztzkpjxuy5h93ezolcot1roj7p6vv94g5kb88jihuzxi9bkz0069dpf5hgrflkhfij8ckbohiz7zur61egeq6idjx/generations_prism-reproduction-llava-v15+7b_step=5000.table.json', 'ncols': 3, 'nrows': 10, 'path': 'media/table/generations_prism-reproduction-llava-v15+7b_step=5000_29_7ecb2623facc42e8b7f3.table.json'}",,,,,,,,,khfiv530
{'prism-clip+7b'},0,5316.130858659744,1713204131.1917686,,28,4500,4500,3.107091188430786,ivxfqxld,prism-reproduction-llava-v15+7b,,,,,,,,,"{'_latest_artifact_path': 'wandb-client-artifact://7otqqknad12ewsw69ydv7pxvl9vcho4luzn9s9nxwkw6yh71jscpssq997q0qlvpg1j9wyhmezd694dvn02qznfwb7nd0xi2cd7ezaeizplpgr5oosv0o59neyp6sv2y:latest/generations_prism-reproduction-llava-v15+7b_step=4500.table.json', '_type': 'table-file', 'artifact_path': 'wandb-client-artifact://giiws2peonhm136xq4dubgbpbynppk71iw911115bgn3z1jm2a7dd00pv3ybdpancy5f22fwbocz8nchgst7j4cq5zp3xfbwq3bmsq4z7sdysyeu6vm2zemlll73a6r5/generations_prism-reproduction-llava-v15+7b_step=4500.table.json', 'ncols': 3, 'nrows': 10, 'path': 'media/table/generations_prism-reproduction-llava-v15+7b_step=4500_28_d132ea55b097a3e79413.table.json', 'sha256': 'd132ea55b097a3e7941377ded3f69b8ad6efb6a6900e1514089f9a0a5460249b', 'size': 6531}",,,,,,,,,,khfiv530
{'prism-clip+7b'},0,5145.597198009491,1713203960.658108,,27,4000,4000,3.1070427894592285,ivxfqxld,prism-reproduction-llava-v15+7b,,,,,,,,"{'nrows': 10, 'path': 'media/table/generations_prism-reproduction-llava-v15+7b_step=4000_27_b01462aca922b7bbf810.table.json', 'sha256': 'b01462aca922b7bbf810b70ffce119f78273853a062fd7205d5eaeb9e29c3bbd', 'size': 6653, '_latest_artifact_path': 'wandb-client-artifact://3z3w8n6zd4d51lvpd7myl16kilgyt3ii43fkudv8geygwsa0bzcbtmgwk65cdq521og2pvn99dn7484m88et3ygek1gcc5ibpnfau11m41uuiukm2f3gr8u7h7kfdvmo:latest/generations_prism-reproduction-llava-v15+7b_step=4000.table.json', '_type': 'table-file', 'artifact_path': 'wandb-client-artifact://5pcwldt4vbmhendih1cyc4z1j018d1jszi7s9drv5q8pqky98tz870mjj3fpmttmea0kvf3xvbxqbeeq2lh7hdv2jec4murtuzkqiwce1djljf3oal1ludq40252mfwh/generations_prism-reproduction-llava-v15+7b_step=4000.table.json', 'ncols': 3}",,,,,,,,,,,khfiv530
{'prism-clip+7b'},0,4974.06796503067,1713203789.128875,,26,3500,3500,3.10329532623291,ivxfqxld,prism-reproduction-llava-v15+7b,,,,,,,"{'ncols': 3, 'nrows': 10, 'path': 'media/table/generations_prism-reproduction-llava-v15+7b_step=3500_26_7037527cacecb3a6d426.table.json', 'sha256': '7037527cacecb3a6d4266e8fb327996eed500c078d5766d215941c5a9fb1c926', 'size': 6510, '_latest_artifact_path': 'wandb-client-artifact://9qtprlx93u84n1yohbu9hy88hnl04zarbae5do51qzsetkxkf69uj6uttmq3u5nv2kto5s6aaucnywf7x519pzfjnlx59u5gwhnx9y8gewas5sf0e8lj1bmq2fry94ps:latest/generations_prism-reproduction-llava-v15+7b_step=3500.table.json', '_type': 'table-file', 'artifact_path': 'wandb-client-artifact://w0rfuy7ybnem67yvujmtq45awakhwe6xhww7zd1glijvxees00vv07kt5v2ukotixpya3buw9dns83wcwh4ig1ygdjbfmaln90hksqnk6byyb8rmz4z5xrydk5b1knx2/generations_prism-reproduction-llava-v15+7b_step=3500.table.json'}",,,,,,,,,,,,khfiv530
{'prism-clip+7b'},0,4801.48192024231,1713203616.5428302,,25,3000,3000,3.103975772857666,ivxfqxld,prism-reproduction-llava-v15+7b,,,,,,"{'path': 'media/table/generations_prism-reproduction-llava-v15+7b_step=3000_25_5f0ffbdaf455d70b9a2a.table.json', 'sha256': '5f0ffbdaf455d70b9a2a07267ba4cefa7eda95639ae6151fdba7ab25f32fc15b', 'size': 6773, '_latest_artifact_path': 'wandb-client-artifact://9vmkgb2x4n4ysvc792y7ou8zig1ph2iggexq6qgb8jg0qf93g1i2d0wgv1fcmuinlyfuro2p7bjvq5yep93a7hr2pm93rqtkzttwv1aa9qdred3jw1woxu75bhp19u11:latest/generations_prism-reproduction-llava-v15+7b_step=3000.table.json', '_type': 'table-file', 'artifact_path': 'wandb-client-artifact://d1yntpa4f016488bvcmgkgy34n7dyqcd8exb9sh28n1cygi49e9cgbn3as2klc579cjwni6nf0flonldfk95aqau5qfkefyh8lmt3ga6igroowwxnczc1usvjpbnj0u4/generations_prism-reproduction-llava-v15+7b_step=3000.table.json', 'ncols': 3, 'nrows': 10}",,,,,,,,,,,,,khfiv530
{'prism-clip+7b'},0,4629.044298648834,1713203444.1052086,,24,2500,2500,3.1018834114074707,ivxfqxld,prism-reproduction-llava-v15+7b,,,,,"{'artifact_path': 'wandb-client-artifact://8p3ddypckejko3x2rnynwnnreh4w8a6b1tah18xirfnvfyx8hv7wi4mxcf3ozl0kyqn7hnh2ef52tzqdgkf44fc1cmtnyjejntfypwul5wtm9tywjfx0sw5iskzg6pv6/generations_prism-reproduction-llava-v15+7b_step=2500.table.json', 'ncols': 3, 'nrows': 10, 'path': 'media/table/generations_prism-reproduction-llava-v15+7b_step=2500_24_1c290ff5d5a61b23e7ea.table.json', 'sha256': '1c290ff5d5a61b23e7ead7940c59d9db8a9f5f1f1cc3d6453099498ed2c4db3b', 'size': 6645, '_latest_artifact_path': 'wandb-client-artifact://tnzj3ktjcsmcoj04gygfovolmdoiaqbq0h70kum9k8m0ppwtmaikf22ios9cs5qsz9r0d6riyojtwkv459lcn09l20x5284nsw7xp40jww8jr90a2fj8jezfro2e29fd:latest/generations_prism-reproduction-llava-v15+7b_step=2500.table.json', '_type': 'table-file'}",,,,,,,,,,,,,,khfiv530
{'prism-clip+7b'},0,4456.426711797714,1713203271.4876218,,23,2000,2000,3.101177215576172,ivxfqxld,prism-reproduction-llava-v15+7b,,,,"{'sha256': '2df04c7f29af2cd2ae2dcfa50ee6e66a76d864964f244d95a883cc62caf4118a', 'size': 6777, '_latest_artifact_path': 'wandb-client-artifact://jppfzzb755vje3r1diz027x6tt3r22yhhu6jzkp6cocr31mjvs0cf9acao5wwoqyeo52htnmoohsr0ub5vm09h1uf6z1pj6lxjf507xei35ne2dgm4pekh34ocpwab9k:latest/generations_prism-reproduction-llava-v15+7b_step=2000.table.json', '_type': 'table-file', 'artifact_path': 'wandb-client-artifact://am0wp8zlaomqk4sxbx9pnob1psnbirixqetguo8emibz7f17w67kp0wkbose7o68mxcmgd4t7x2401nv7w6dj1krzfqmk16gntjzwqras3r073q1pim295h9nxwfhsxj/generations_prism-reproduction-llava-v15+7b_step=2000.table.json', 'ncols': 3, 'nrows': 10, 'path': 'media/table/generations_prism-reproduction-llava-v15+7b_step=2000_23_2df04c7f29af2cd2ae2d.table.json'}",,,,,,,,,,,,,,,khfiv530
{'prism-clip+7b'},0,4282.5197994709015,1713203097.5807095,,22,1500,1500,3.102437973022461,ivxfqxld,prism-reproduction-llava-v15+7b,,,"{'ncols': 3, 'nrows': 10, 'path': 'media/table/generations_prism-reproduction-llava-v15+7b_step=1500_22_3cec476363e0784d2397.table.json', 'sha256': '3cec476363e0784d23978577a29fdd34e756b268c1eb3c608ee24ce6e9473b0a', 'size': 6488, '_latest_artifact_path': 'wandb-client-artifact://4bd0z95w45ortr8f135ueckb3xkmim067t0ugyxwuesd9fvqittkqpdcaoq019wkmstuz83hgijj9x8xl3fmrht7g31txmq83hsiugit4saifix45rqijwujwnjwnqny:latest/generations_prism-reproduction-llava-v15+7b_step=1500.table.json', '_type': 'table-file', 'artifact_path': 'wandb-client-artifact://uuf57h5jonvw7a1oy2t87m8uhky5mvdultxxvjww7qjudcx5i2jaru4e0x3g8eitj0aa8yqh2qmsg2kgsmhvst9hx7yj8z0jvtk5ep3a9448pzcqwnyqqz1oqphk7d4a/generations_prism-reproduction-llava-v15+7b_step=1500.table.json'}",,,,,,,,,,,,,,,,khfiv530
{'prism-clip+7b'},0,4110.3922164440155,1713202925.4531264,,21,1000,1000,3.1041197776794434,ivxfqxld,prism-reproduction-llava-v15+7b,,"{'_latest_artifact_path': 'wandb-client-artifact://bkrdaoppzhrzru5038sn9ie5syr216vv5r87bj4i7b3y32xge4s49xkoctjbe2d810nlouxoc622ma05ez9dkfdnnuwrc4x0gr26nj9kj6wb7te10fj8wcnukw1o2uq4:latest/generations_prism-reproduction-llava-v15+7b_step=1000.table.json', '_type': 'table-file', 'artifact_path': 'wandb-client-artifact://dbj097x3nfqxuk2yg560aay7toy1kmn1ct06xmeupz2empn6wadfv1zquw86dtpt9uuud38lzopgm9yuwge3wab04jxx9ys2xgtpure6ykppvm414a3k943hmja3bcwa/generations_prism-reproduction-llava-v15+7b_step=1000.table.json', 'ncols': 3, 'nrows': 10, 'path': 'media/table/generations_prism-reproduction-llava-v15+7b_step=1000_21_2f33040f3515c64e8548.table.json', 'sha256': '2f33040f3515c64e8548948bf7ef3d8d6f992e15dadafc93de752d03d156bff7', 'size': 6535}",,,,,,,,,,,,,,,,,khfiv530
{'prism-clip+7b'},0,3938.292601585388,1713202753.3535116,,20,500,500,3.1041202545166016,ivxfqxld,prism-reproduction-llava-v15+7b,"{'path': 'media/table/generations_prism-reproduction-llava-v15+7b_step=500_20_65379aff7177b63e6c4d.table.json', 'sha256': '65379aff7177b63e6c4d346be35abddec8b5d1be10ef1aede5e0303095c1d8b3', 'size': 6460, '_latest_artifact_path': 'wandb-client-artifact://6xant8rb366cnmhlgx9nm58j2vi0ps7gd7e58cq2vakha99rjpkzx4bb3ai4fba1g7thi02wf65de0e83wnhlfdl276uq4g4ycm9549oe4l974xzw2anxvc8v185r34v:latest/generations_prism-reproduction-llava-v15+7b_step=500.table.json', '_type': 'table-file', 'artifact_path': 'wandb-client-artifact://3bjb7gij2vx5cu5ocm5fz0pj6kfavtsso8nim5a5wa9nwge3owanhgxes5otnu7dn4eovam2kp8eedtelke8n6lat2gxkn1etopwpvjzdwjxmsxlca6lwnf2q8wgvmqq/generations_prism-reproduction-llava-v15+7b_step=500.table.json', 'ncols': 3, 'nrows': 10}",,,,,,,,,,,,,,,,,,khfiv530
{'prism-clip+7b'},0,3766.9780402183533,1713202582.0389502,"{'artifact_path': 'wandb-client-artifact://7mdekv8h4vuwfeqwv04jfewfgl0s3dxvq935yda21z36s7gt2ehum2csut37ur4ctjo4rddoj1kmcz5s4nylfo8pq0ztrkvdamg7hng4k3kpzflivwc6r4dlz95cqadx/generations_prism-reproduction-llava-v15+7b_step=0.table.json', 'ncols': 3, 'nrows': 10, 'path': 'media/table/generations_prism-reproduction-llava-v15+7b_step=0_19_95cc11b91a7bba9f2ffd.table.json', 'sha256': '95cc11b91a7bba9f2ffd7d45b47dbb038dc833998ce1a827a1f3e5753ac21908', 'size': 6853, '_latest_artifact_path': 'wandb-client-artifact://wvo06x29wcdegpvjvb04j6hyepbdk5ccgqa5bm098c9cl2nqn9nq093l6li6tp5vxz3uokiflmv3bmnbq59s3cceqlx5ljvjjgh1ydrug1kfjgx4t3lh7r452b3bf91v:latest/generations_prism-reproduction-llava-v15+7b_step=0.table.json', '_type': 'table-file'}",19,0,0,3.098343849182129,ivxfqxld,prism-reproduction-llava-v15+7b,,,,,,,,,,,,,,,,,,,khfiv530
{'prism-siglip+7b'},0,3593.343021631241,1713202408.4039316,,18,9000,9000,3.0995709896087646,he5y6kbg,prism-reproduction-llava-v15+7b,,,,,,,,,,,,,,,,,,"{'ncols': 3, 'nrows': 10, 'path': 'media/table/generations_prism-reproduction-llava-v15+7b_step=9000_18_9d94f07f9e6621500777.table.json', 'sha256': '9d94f07f9e6621500777e855b658f40caedd8c62b67617f763a6a86e8fef79d7', 'size': 6529, '_latest_artifact_path': 'wandb-client-artifact://kci4u9dpfw16zse8r5r0zn6zb1w4gu1udb102he75c0e1ucg0d5daxhpdg8g98j7giuqnlg4uj64na47hf2j2qc32u9cpeeky2bxoszo2bqyatmlurbyakjgtwynz973:latest/generations_prism-reproduction-llava-v15+7b_step=9000.table.json', '_type': 'table-file', 'artifact_path': 'wandb-client-artifact://li2cu8t0da3dfvepd9jqt7sj6l5u2fmfmac0xtn7lu1g3i99wzjbhbg9anu79za1sux12wdht1elgmdkyjky1klq6xbe0ladqs87p59w3mxvb0xzbfxm9ztevhn9s3od/generations_prism-reproduction-llava-v15+7b_step=9000.table.json'}",khfiv530
{'prism-siglip+7b'},0,3417.5823402404785,1713202232.6432502,,17,8500,8500,3.0984578132629395,he5y6kbg,prism-reproduction-llava-v15+7b,,,,,,,,,,,,,,,,,"{'artifact_path': 'wandb-client-artifact://pq7d0q1zm39lceq74p7ft7su36j437nma6vw377ww1mr7hk6mqcyd9i4m4bs2vb7g2lbq4fgvr9lwxpeenon489lf6un9wm5zkezdwqe1x3zknhq4bzqw4xmf91bxisx/generations_prism-reproduction-llava-v15+7b_step=8500.table.json', 'ncols': 3, 'nrows': 10, 'path': 'media/table/generations_prism-reproduction-llava-v15+7b_step=8500_17_a01da7a26b52bd438933.table.json', 'sha256': 'a01da7a26b52bd438933e279771bc8fb206eba395157ed2020d9408cdc99d9f2', 'size': 7272, '_latest_artifact_path': 'wandb-client-artifact://58rj5n8c1rof8ovfx8rwvr7nlz5tanmvai1ibw67xk74pc8e76cz6dxnvk077akf1509h8cu4f0vohw91y7zm6ig5ft2km99llvcebrdvkibh2q8xxa9q17fudrprdrk:latest/generations_prism-reproduction-llava-v15+7b_step=8500.table.json', '_type': 'table-file'}",,khfiv530
{'prism-siglip+7b'},0,3245.9596123695374,1713202061.0205224,,16,8000,8000,3.097763776779175,he5y6kbg,prism-reproduction-llava-v15+7b,,,,,,,,,,,,,,,,"{'nrows': 10, 'path': 'media/table/generations_prism-reproduction-llava-v15+7b_step=8000_16_f8255393cd0d757d96ca.table.json', 'sha256': 'f8255393cd0d757d96ca0bdb0779e87b67a38d827ca53926922036d3bcff4853', 'size': 6217, '_latest_artifact_path': 'wandb-client-artifact://28db56yqnfps1rgjyygz372otj0euzoo8xlf92i1agr0uuh1tmkf3l513lotc785mbyliiiszocicblwt9zf6f7zmir1t3zj942u3szsvvkiw83d35j0rl89zvjgmpl9:latest/generations_prism-reproduction-llava-v15+7b_step=8000.table.json', '_type': 'table-file', 'artifact_path': 'wandb-client-artifact://u5zw4pvqjn7irdg8j0u2qxfpvphxh5fswdja752riwhntq6otvojdusrpo78ooq76z3pp0dqgch52t29btsm6dgyrhfixpybopwfpjuwqwks9qumjsmnv2dtc0g5apbf/generations_prism-reproduction-llava-v15+7b_step=8000.table.json', 'ncols': 3}",,,khfiv530
{'prism-siglip+7b'},0,3076.1821382045746,1713201891.2430482,,15,7500,7500,3.098055124282837,he5y6kbg,prism-reproduction-llava-v15+7b,,,,,,,,,,,,,,,"{'_latest_artifact_path': 'wandb-client-artifact://f5p8frmqbqlky86m7ryu6oyzuf8m3h7hjz7qedm868efd1rzfwog3gbb7tmsqzqf3t1j19rnptpffgi3pn5xyztm3qdde664v1fp9maytxrlfb7uwmwxo9mha8o56v3c:latest/generations_prism-reproduction-llava-v15+7b_step=7500.table.json', '_type': 'table-file', 'artifact_path': 'wandb-client-artifact://gq4egmyaw1nmdw8t09zzco54t2582ay3rkpzwrfp2sqws9zd5592fwkz27hvr8dwrw9p35ryfcmycr57mj36c19kvq9zs4uj31agl28iwyx0mh4m2fxw000ylwgo5onl/generations_prism-reproduction-llava-v15+7b_step=7500.table.json', 'ncols': 3, 'nrows': 10, 'path': 'media/table/generations_prism-reproduction-llava-v15+7b_step=7500_15_8b0f6380c0cde71aeec2.table.json', 'sha256': '8b0f6380c0cde71aeec253636b97f3a0b07da535e0516103f2d0fe00e3f1e216', 'size': 6899}",,,,khfiv530
{'prism-siglip+7b'},0,592.6148545742035,1713199407.6757646,,1,500,500,3.0970120429992676,he5y6kbg,prism-reproduction-llava-v15+7b,"{'_latest_artifact_path': 'wandb-client-artifact://xajhb3bpf5w5eernk3c5sa4h9vjtimvkzfqfr9me0lq5smjk40mut7fu82qay80smmlzkov2tvjkf2xbqhbyfjfz7i6mh2vb9kddazhuwrunonlk4aqba93z8ns5rkr4:latest/generations_prism-reproduction-llava-v15+7b_step=500.table.json', '_type': 'table-file', 'artifact_path': 'wandb-client-artifact://0inpoksk8d2puort5cnnszt9raey17qn4rw0tt6lkp22qazxdqgliz7achjbop2rc8wiux3lxfem4sib37zy6o9vevud96bww85c4o05x1b7zbiwmnz6vpasv3lkct8h/generations_prism-reproduction-llava-v15+7b_step=500.table.json', 'ncols': 3, 'nrows': 10, 'path': 'media/table/generations_prism-reproduction-llava-v15+7b_step=500_1_2d5b92592f00f7cd9589.table.json', 'sha256': '2d5b92592f00f7cd9589f68217b6c747efef7a974eef175e96a9c125827c1acc', 'size': 6109}",,,,,,,,,,,,,,,,,,khfiv530
{'prism-siglip+7b'},0,840.2462720870972,1713199655.307182,,2,1000,1000,3.0982494354248047,he5y6kbg,prism-reproduction-llava-v15+7b,,"{'path': 'media/table/generations_prism-reproduction-llava-v15+7b_step=1000_2_f774e81451fc86b89717.table.json', 'sha256': 'f774e81451fc86b897172c61ae0959c12e2b57fbe84d8d1bc6f665aa198d4fca', 'size': 6205, '_latest_artifact_path': 'wandb-client-artifact://xfp7e51snfrfr5kkm3kf5uhlumc8v6tnbr1x1pl9hqn7hf4jzspgll723gl9ngtb4zv6iqqwlzzl9wq8152gq5twx4uppsu106m9cxpk2nxn8n01ggnup8d51zlytmlr:latest/generations_prism-reproduction-llava-v15+7b_step=1000.table.json', '_type': 'table-file', 'artifact_path': 'wandb-client-artifact://lesguybkf1ohpbdm7g2mbmi8ckupxa5asq5or54c0u91d4uw51saioxi2csz0xcnoa5eyac5zx1jkgqwlvfvfbdm4krodkakcelbdt444cmx0hnsyey7tdgabmffehem/generations_prism-reproduction-llava-v15+7b_step=1000.table.json', 'ncols': 3, 'nrows': 10}",,,,,,,,,,,,,,,,,khfiv530
{'prism-siglip+7b'},0,1014.4478685855865,1713199829.5087786,,3,1500,1500,3.097588539123535,he5y6kbg,prism-reproduction-llava-v15+7b,,,"{'ncols': 3, 'nrows': 10, 'path': 'media/table/generations_prism-reproduction-llava-v15+7b_step=1500_3_a8960c91b3ab079d5687.table.json', 'sha256': 'a8960c91b3ab079d56875696cc6789859c85b079bb175d99450613b3ac390452', 'size': 6530, '_latest_artifact_path': 'wandb-client-artifact://vxt4q4x63pp8rgtu83u9rtxguf2jufzq6t9rx4r6ly6r37yu1h0cgsmthr9cirtqjqxszi79ibj9bow8dhix1ms28fr2afcymnhxvha015xjviri9uzsnfmooplafpf4:latest/generations_prism-reproduction-llava-v15+7b_step=1500.table.json', '_type': 'table-file', 'artifact_path': 'wandb-client-artifact://np20cmgsn04ozfzb3tpkep6000pfjjdsyy169ramfg94nrz1u5jlg2qmrvzyxueuqkt6g3i860a5tihm5p0i0wael3y5kpnj0m1vs3qebmy87ouxhy2knalj9cdtpl8t/generations_prism-reproduction-llava-v15+7b_step=1500.table.json'}",,,,,,,,,,,,,,,,khfiv530
{'prism-siglip+7b'},0,1189.2262873649597,1713200004.2871974,,4,2000,2000,3.0991108417510986,he5y6kbg,prism-reproduction-llava-v15+7b,,,,"{'size': 6405, '_latest_artifact_path': 'wandb-client-artifact://wrj0n7sqb6vc9qh9mmzf33boloipvpga7dw0fksvtpih8mee5ukfvc8oo7bbdl8fdcvmhkkx1h0ac00cl168lbw8ytu373lwar7rz0tdoobxwkx2680trcsu4zw1safl:latest/generations_prism-reproduction-llava-v15+7b_step=2000.table.json', '_type': 'table-file', 'artifact_path': 'wandb-client-artifact://hkzsy54vibvakcd3q1nwgdwkg8cwgao8h6g94lbzrpd2pvq06ocefflz2qjptyqulgugktprsfibprdz1ix3nvfattigyxtrh4qhcyy8zf0nblapjonrpm01b7fqsloq/generations_prism-reproduction-llava-v15+7b_step=2000.table.json', 'ncols': 3, 'nrows': 10, 'path': 'media/table/generations_prism-reproduction-llava-v15+7b_step=2000_4_57a3dbd92c95f47ec21c.table.json', 'sha256': '57a3dbd92c95f47ec21cc373fb6fd26938e95b788824e69b2b839f2041aba236'}",,,,,,,,,,,,,,,khfiv530
{'prism-siglip+7b'},0,1363.849536895752,1713200178.910447,,5,2500,2500,3.0978026390075684,he5y6kbg,prism-reproduction-llava-v15+7b,,,,,"{'_latest_artifact_path': 'wandb-client-artifact://hdwfbtd2ga8imwx8j99m5e4ipof8b9tcsi3yisx4znu8c0z2zea3ranecis4v2fhn2vusr50fq654y5mp52t1gi052ocosx8hi8ft0sfynnb5flaazlj4poac4h73ir3:latest/generations_prism-reproduction-llava-v15+7b_step=2500.table.json', '_type': 'table-file', 'artifact_path': 'wandb-client-artifact://pg6xhyry0vke46iu8dsowxbwtmsj9w2gs88bg1wlhznp2z4nhcwzs5ka2joh98e3gib7e1cztk1jnims0w8rz4xke3q1c6f9zuhkmb8i1s8wev9wmm77lrcspavfmczd/generations_prism-reproduction-llava-v15+7b_step=2500.table.json', 'ncols': 3, 'nrows': 10, 'path': 'media/table/generations_prism-reproduction-llava-v15+7b_step=2500_5_9de54c4ee50f114e63fd.table.json', 'sha256': '9de54c4ee50f114e63fd4cbbf7ce74bb3392f8db2e00aef7d086bbbb7f38f9d5', 'size': 6784}",,,,,,,,,,,,,,khfiv530
{'prism-siglip+7b'},0,1538.856136083603,1713200353.917046,,6,3000,3000,3.0979959964752197,he5y6kbg,prism-reproduction-llava-v15+7b,,,,,,"{'sha256': '9ade3c621e59e427eff443ce6ddd8fa12362ca28d5bd308235008603db80bc67', 'size': 6781, '_latest_artifact_path': 'wandb-client-artifact://5p37rybakd299gssf5jft15cynwolj2kka484iq6799j1j7ft3wjwzycqudrpiynsemqjdkp2uzxr676n0m284i40tdymjfzv00ylausl8dq2comupphhil1w1pdz9rr:latest/generations_prism-reproduction-llava-v15+7b_step=3000.table.json', '_type': 'table-file', 'artifact_path': 'wandb-client-artifact://papazwwte1d2g3sq0iezhlwnffi4h1q3ajrlyyvo9v45sslhaxho58m6k1x0m236ehgyabg3fgfibnhrzjnj8drfz57m0p99y65bowxfty4ist427fngce1x2birkyk3/generations_prism-reproduction-llava-v15+7b_step=3000.table.json', 'ncols': 3, 'nrows': 10, 'path': 'media/table/generations_prism-reproduction-llava-v15+7b_step=3000_6_9ade3c621e59e427eff4.table.json'}",,,,,,,,,,,,,khfiv530
{'prism-clip+7b'},0,6001.144950389862,1713204816.2058604,,32,6500,6500,3.105534076690674,ivxfqxld,prism-reproduction-llava-v15+7b,,,,,,,,,,,,,"{'ncols': 3, 'nrows': 10, 'path': 'media/table/generations_prism-reproduction-llava-v15+7b_step=6500_32_c1479ae2bedf8a965c3e.table.json', 'sha256': 'c1479ae2bedf8a965c3e4d6c471cd17304a2d2fa83437e46f3781459dbb7f712', 'size': 6602, '_latest_artifact_path': 'wandb-client-artifact://ikfxowq8r72ztcaj9e3sl1bmy5iolhq9cpvxda8borrnzxi2xle28pq896qsd3r73b9qbsc9fiyoo0djom7njzbogzwo1l03vv3oigh69cpyrszqi20tcvyvh5n0odyu:latest/generations_prism-reproduction-llava-v15+7b_step=6500.table.json', '_type': 'table-file', 'artifact_path': 'wandb-client-artifact://9fn14krnybr3vq6lngno0w4pumeb3k9kvqepz4npnwg1h1c50a11b6l1gazrt7gaahq8z14ycv9vslgouz2kr5yn53pwkgmujtpl8sercb06f0lkzwf7rm66zgapyj1e/generations_prism-reproduction-llava-v15+7b_step=6500.table.json'}",,,,,,khfiv530
{'prism-siglip+7b'},0,1713.5707333087921,1713200528.6316433,,7,3500,3500,3.0971908569335938,he5y6kbg,prism-reproduction-llava-v15+7b,,,,,,,"{'artifact_path': 'wandb-client-artifact://wrmkmif9gbur1yb9e2gkvkgs9j4pjkkrguwpjdaopy5fago2w45ldm592c7igwd275jpkdthhgiaf8ins73209zcpvqeo1vhnutanssdwfa69oscblz17rkoln9gd2i2/generations_prism-reproduction-llava-v15+7b_step=3500.table.json', 'ncols': 3, 'nrows': 10, 'path': 'media/table/generations_prism-reproduction-llava-v15+7b_step=3500_7_07b930313a3b7607e7a6.table.json', 'sha256': '07b930313a3b7607e7a6345c78dd938c593573ec007c8cc7ca0c2b77990d48eb', 'size': 7238, '_latest_artifact_path': 'wandb-client-artifact://a8saixah8xrk8n14h0csrn7sm2zmp0c4ls1jygey4fpijo2ghgh6ldu0l2hf2rgjzlebh51lshgf81sasygmwe4jlwr4auuu5oyet286dsuxt4r239iovf6bgy54g1gt:latest/generations_prism-reproduction-llava-v15+7b_step=3500.table.json', '_type': 'table-file'}",,,,,,,,,,,,khfiv530
{'prism-siglip+7b'},0,2056.5431327819824,1713200871.6040428,,9,4500,4500,3.0988378524780273,he5y6kbg,prism-reproduction-llava-v15+7b,,,,,,,,,"{'path': 'media/table/generations_prism-reproduction-llava-v15+7b_step=4500_9_d112318f13e6e9a3bdec.table.json', 'sha256': 'd112318f13e6e9a3bdec066ce8b36d309bf1f95ebae1dcd50364e42836902b44', 'size': 6761, '_latest_artifact_path': 'wandb-client-artifact://g4l8jzlvobb57r6glcjorb2tub4n7p5n3wz33y67tld1bjn18vqfo8emisdsjjo5xs4foc8wnqo5ed01pjdjsu8fo9z667k43ty2tp0pxaxj8qam5u11ybcm35xw8wvs:latest/generations_prism-reproduction-llava-v15+7b_step=4500.table.json', '_type': 'table-file', 'artifact_path': 'wandb-client-artifact://ia6u4skgxi0fuufa2ru5z77miqz43wgpgpkgpid61ezxvlslq3lpy9rfruur15yh3s71m57gwk3g415bcs8l5uwr0acvdw6iy5ymg69veg9fuznws4seyo9b4i94ee26/generations_prism-reproduction-llava-v15+7b_step=4500.table.json', 'ncols': 3, 'nrows': 10}",,,,,,,,,,khfiv530
{'prism-siglip+7b'},0,2219.1082289218903,1713201034.169139,,10,5000,5000,3.0971388816833496,he5y6kbg,prism-reproduction-llava-v15+7b,,,,,,,,,,"{'path': 'media/table/generations_prism-reproduction-llava-v15+7b_step=5000_10_864551043b53dfed5327.table.json', 'sha256': '864551043b53dfed5327c1bbd77fb50dccaa3e47d20c63533d988adc0fb5d997', 'size': 6018, '_latest_artifact_path': 'wandb-client-artifact://5kr4ko9mfimglz3blhim1b1mok32un78weh8uw0r0wm410h69ivpmfppvjgpf49hpuq28d2q766sjf9wwldznkkulh5ic8qaf11bdzrg0926yw7doltwusy6p4h4d7yl:latest/generations_prism-reproduction-llava-v15+7b_step=5000.table.json', '_type': 'table-file', 'artifact_path': 'wandb-client-artifact://hqunqpki3b52tlk15sift9fd0kawivjh5aw2zavizit8m5ui17p2kqhntgwae5y2id1mc0ycdi6puuvkq7herckswnb1cw3w56gjiqjnpicfhothin4s0zuaibzoyyrt/generations_prism-reproduction-llava-v15+7b_step=5000.table.json', 'ncols': 3, 'nrows': 10}",,,,,,,,,khfiv530
{'prism-siglip+7b'},0,2388.8480122089386,1713201203.9089222,,11,5500,5500,3.0972681045532227,he5y6kbg,prism-reproduction-llava-v15+7b,,,,,,,,,,,"{'_type': 'table-file', 'artifact_path': 'wandb-client-artifact://convozudkk0du4j93ihd2pjxbb0vgv9ujk4qzidsiharvert5oqgrymr93opql5e9ishpeq5r4sxf7oqtaqi66mrj3d38nxu9aybzew0o31dgt52brurl1tnd65e4r16/generations_prism-reproduction-llava-v15+7b_step=5500.table.json', 'ncols': 3, 'nrows': 10, 'path': 'media/table/generations_prism-reproduction-llava-v15+7b_step=5500_11_e2637ae2d3459ec8d993.table.json', 'sha256': 'e2637ae2d3459ec8d99343975dcde003b8a603292adb63309d1b03401c9ecf45', 'size': 6302, '_latest_artifact_path': 'wandb-client-artifact://f6flxdz9iu9qu1ijei5ixan6li3a11fv7gvgr1xjqzxsd3rku2x7ogagnbserozll880ciqodk3gupkjhlojela4c6m65be29rux6wgnnlgk7nrbxml3kr0z89yulag3:latest/generations_prism-reproduction-llava-v15+7b_step=5500.table.json'}",,,,,,,,khfiv530
{'prism-siglip+7b'},0,2564.499981403351,1713201379.5608914,,12,6000,6000,3.096609592437744,he5y6kbg,prism-reproduction-llava-v15+7b,,,,,,,,,,,,"{'nrows': 10, 'path': 'media/table/generations_prism-reproduction-llava-v15+7b_step=6000_12_c30d34663ff4b51675d7.table.json', 'sha256': 'c30d34663ff4b51675d704fc67a4fd4f89d03259845e809d4d2fe456f57d62fe', 'size': 7003, '_latest_artifact_path': 'wandb-client-artifact://bxq5ziifu6hyrcjbfwsjtf0yykzkh9exabl0hy4u7csflssewmqqsds481miv4ekkffkw6qlswwlykf4djhcbt07rh2jf5b2n0r9s9ojinzykr2pspnjub4aiyhgfax2:latest/generations_prism-reproduction-llava-v15+7b_step=6000.table.json', '_type': 'table-file', 'artifact_path': 'wandb-client-artifact://wutrjy5x8wnj94f7h2evdho968uwkyifekxm3ohe5shdy1t0x3amvg3nesjmtzs3ev3nq49ujstim507i61ncr1afm1gp8g01y0zfcho1lpnyn1zzjo8m9opu0nvdity/generations_prism-reproduction-llava-v15+7b_step=6000.table.json', 'ncols': 3}",,,,,,,khfiv530
{'prism-siglip+7b'},0,2737.326985359192,1713201552.3878953,,13,6500,6500,3.0959279537200928,he5y6kbg,prism-reproduction-llava-v15+7b,,,,,,,,,,,,,"{'sha256': '6d59abf66dd39f505a8fc6f0fd7fcee45152aeaa9c06b6bfb37beb827beda735', 'size': 6800, '_latest_artifact_path': 'wandb-client-artifact://kyxuhdhbjm23t93y3t6s33zv16qlynd50cszb70oubn6t005wnh2ix1kp5zu009a9jlmjx8t24luo8flvdxtmm55wdgyseugcjplwbhneup2ewlec41en40qgnjpsr8h:latest/generations_prism-reproduction-llava-v15+7b_step=6500.table.json', '_type': 'table-file', 'artifact_path': 'wandb-client-artifact://cg9vsznzxp1cp548c1v1mlww4168yhefgk4n3b0z44rhzw027wnugl4370neavr5uiaj046nrjbw3nr9uhavzmdkj9x8ytqi4xxce4ghgl9mk6pmqp3rxgng1pdknrne/generations_prism-reproduction-llava-v15+7b_step=6500.table.json', 'ncols': 3, 'nrows': 10, 'path': 'media/table/generations_prism-reproduction-llava-v15+7b_step=6500_13_6d59abf66dd39f505a8f.table.json'}",,,,,,khfiv530
{'prism-siglip+7b'},0,2904.817202568054,1713201719.8781126,,14,7000,7000,3.096632957458496,he5y6kbg,prism-reproduction-llava-v15+7b,,,,,,,,,,,,,,"{'size': 6796, '_latest_artifact_path': 'wandb-client-artifact://of4a4d5o556vyh3x7j54xelnmrydt2gy42nyitdt24vm2nojrpmvwepogtuv34ba9coj8lzln4xua8swhqabqdvv1tgmp3usm2zctl5dlw2oiiw5ukbxjztvhi1obi29:latest/generations_prism-reproduction-llava-v15+7b_step=7000.table.json', '_type': 'table-file', 'artifact_path': 'wandb-client-artifact://kn2aia3rli5f0pi0osk6yhur31ipqemossw9hj7on8aenbrklc9b46jgalpzcmylh4owx1haplu5ow3ndf1xf68qfdn2w1krbknmcmbaxlvsl55xiw6cqe4ujqo8nh8j/generations_prism-reproduction-llava-v15+7b_step=7000.table.json', 'ncols': 3, 'nrows': 10, 'path': 'media/table/generations_prism-reproduction-llava-v15+7b_step=7000_14_0e1d250de2ef8a540a2e.table.json', 'sha256': '0e1d250de2ef8a540a2e0420550716f27eda49d31495370b05c167184520df8f'}",,,,,khfiv530
{'prism-siglip+7b'},0,1883.4351086616516,1713200698.4960186,,8,4000,4000,3.1033527851104736,he5y6kbg,prism-reproduction-llava-v15+7b,,,,,,,,"{'artifact_path': 'wandb-client-artifact://2w35jqyytftlt6c7qtfqlzm2ustcpr88r6cayom1vosbv6r6mnxji6ztkp3ienvtrlm6smd2d62sr8roqaxawo5pa2y0dywb1fmm49fq8eoahbhqjgt9oc1tuytnn2di/generations_prism-reproduction-llava-v15+7b_step=4000.table.json', 'ncols': 3, 'nrows': 10, 'path': 'media/table/generations_prism-reproduction-llava-v15+7b_step=4000_8_9ce0b8c898c42cf16215.table.json', 'sha256': '9ce0b8c898c42cf1621597709e9e9642c23071d094ab929daed28baefb72d04a', 'size': 6453, '_latest_artifact_path': 'wandb-client-artifact://kvp0z8e3qxqcjpypnletdhe925ma1i2dv6dzunl1majcgm05h4xozhkanriqq34u9047r47j0bemi4s2yb77g8hfk25n0tkbubig6hey10s4v0d8j83zsfs7vuv9cjd1:latest/generations_prism-reproduction-llava-v15+7b_step=4000.table.json', '_type': 'table-file'}",,,,,,,,,,,khfiv530
{'prism-clip+7b'},0,6174.8355457782745,1713204989.8964558,,33,7000,7000,3.1026458740234375,ivxfqxld,prism-reproduction-llava-v15+7b,,,,,,,,,,,,,,"{'sha256': '158a7599fa85728c9c7134d8dc0d05e4859e77f704dd2524b56457028d65944f', 'size': 6595, '_latest_artifact_path': 'wandb-client-artifact://z2zi7evkttbog7s2jnfit9pn8xfvkfe1xg1dkhxeqihnrzh08hxae6x3kh1d5nrpvozm8d5dchl8bxwtdoj4nzwe7nmlye4knwxw7xcfyfyeoub4kaoqc0f0ajqckfiv:latest/generations_prism-reproduction-llava-v15+7b_step=7000.table.json', '_type': 'table-file', 'artifact_path': 'wandb-client-artifact://ax4zenmeqdp53jf0ih5md1dhp14l0tu15mxl73uzfyt71yg916h74lpzl7hju7q6bpdoyl4a2pvqb283n70z0y1qzgntci8aamds8wz2llnwgnyzov66inrwycepwy88/generations_prism-reproduction-llava-v15+7b_step=7000.table.json', 'ncols': 3, 'nrows': 10, 'path': 'media/table/generations_prism-reproduction-llava-v15+7b_step=7000_33_158a7599fa85728c9c71.table.json'}",,,,,khfiv530
